kH34Ju#&;Age of Empires II: The Age of Kings;Microsoft;2016
jH34Ju#&;Age of Mythology;EA Games;2016
tH34Ju#&;Age of Empires II: The Conquerors;Microsoft;2016
eH34Ju#&;Astebreed;Something Games;2011
bH34Ju#&;Age of Wonders II: The Wizard's Throne;Microsoft;2016
vH34Ju#&;Age of Mythology;EA Games;2016
kH14Ju#&;Age of Empires II: The Age of Kings;Microsoft;2012
kH35Ju#&;Age of Empires II: The Age of Kings;Microsoft;2016
kH38Ju#&;Age of Empires II: The Age of Kings;Microsoft;2016
kH94Ju#&;Age of Mythology;EA Games;2016
kH34Ji#&;Act of War: Direct Action;EA Games;2015
jH34Jk#&;Age of Mythology;EA Games;2016
tH34Jl#&;Age of Wonders: Shadow Magic;Valve;2015
eH34Jy#&;Age of Empires II: The Age of Kings;Microsoft;2016
bH34Jx#&;Age of Empires II: The Age of Kings;Microsoft;2015
vH34Jz#&;Age of Empires II: The Age of Kings;Microsoft;2016
kH14Jt#&;Age of Mythology;EA Games;2016
kH35Jr#&;Age of Mythology;EA Games;2016
kH38Je#&;Age of Empires II: The Age of Kings;Microsoft;2016
kH94Jw#&;Age of Empires II: The Age of Kings;Microsoft;2015
